email,memorySpan
barnatiszai@gmail.com,7.0
csakodavid09@gmail.com,7.666666666666667
ctamas27@gmail.com,7.0
fnoebalint@gmail.com,7.0
landris05.la@gmail.com,7.0
magyarevelin.hun@gmail.com,6.0
netflixtsalad@gmail.com,7.0
posztosmateka@gmail.com,6.0
szabics2004@gmail.com,6.0
tmyhammed@gmail.com,7.0
user@gmail.com,3.0
vargadri99@gmail.com,7.0
zsolt.magyar.1020@gmail.com,7.0
zsuric1029@gmail.com,5.0
